,y,ds
0,2926.0,2018-01-01
1,2687.531,2018-01-02
2,2793.0,2018-01-03
3,2394.0,2018-01-04
4,2660.0,2018-01-05
5,2527.0,2018-01-06
6,2527.0,2018-01-07
7,2793.0,2018-01-08
8,2793.0,2018-01-09
9,2793.0,2018-01-10
10,2926.0,2018-01-11
11,2793.0,2018-01-12
12,2869.8208,2018-01-13
13,3325.0,2018-01-14
14,2261.0,2018-01-15
15,2261.0,2018-01-16
16,2253.685,2018-01-17
17,2394.0,2018-01-18
18,2394.0,2018-01-19
19,2394.0,2018-01-20
20,2527.0,2018-01-21
21,2793.0,2018-01-22
22,2660.0,2018-01-23
23,2547.1362,2018-01-24
24,2926.0,2018-01-25
25,2926.0,2018-01-26
26,3059.0,2018-01-27
27,2853.1027,2018-01-28
28,2793.0,2018-01-29
29,2793.0,2018-01-30
30,2816.4745,2018-01-31
31,2231.1548,2018-02-01
32,5212.004,2018-02-02
33,5032.853,2018-02-03
34,2253.685,2018-02-04
35,2261.0,2018-02-05
36,2261.0,2018-02-06
37,2253.685,2018-02-07
38,2253.685,2018-02-08
39,2394.0,2018-02-09
40,2527.0,2018-02-10
41,2380.1148,2018-02-11
42,2660.0,2018-02-12
43,2380.1148,2018-02-13
44,2793.0,2018-02-14
45,3059.0,2018-02-15
46,3040.0076,2018-02-16
47,2926.0,2018-02-17
48,2926.0,2018-02-18
49,2660.0,2018-02-19
50,2793.0,2018-02-20
51,2510.7208,2018-02-21
52,5105.0587,2018-02-22
53,3667.6346,2018-02-23
54,2300.0488,2018-02-24
55,2775.3642,2018-02-25
56,2582.062,2018-02-26
57,2527.0,2018-02-27
58,2394.0,2018-02-28
59,2793.0,2018-03-01
60,2793.0,2018-03-02
61,2793.0,2018-03-03
62,3021.0152,2018-03-04
63,4752.09,2018-03-05
64,2082.514,2018-03-06
65,2042.8135,2018-03-07
66,2201.6022,2018-03-08
67,2246.0774,2018-03-09
68,2171.757,2018-03-10
69,2042.8135,2018-03-11
70,2261.0,2018-03-12
71,2231.1548,2018-03-13
72,2386.3525,2018-03-14
73,2394.0,2018-03-15
74,2394.0,2018-03-16
75,2527.0,2018-03-17
76,2527.0,2018-03-18
77,2660.0,2018-03-19
78,2660.0,2018-03-20
79,5042.961,2018-03-21
80,2176.5051,2018-03-22
81,2331.9023,2018-03-23
82,2527.0,2018-03-24
83,2261.0,2018-03-25
84,2519.02,2018-03-26
85,4927.5968,2018-03-27
86,2784.355,2018-03-28
87,2394.0,2018-03-29
88,2527.0,2018-03-30
89,2527.0,2018-03-31
90,2331.9023,2018-04-01
91,2527.0,2018-04-02
92,2378.3991,2018-04-03
93,2142.2044,2018-04-04
94,2201.6022,2018-04-05
95,2231.1548,2018-04-06
96,2253.685,2018-04-07
97,2261.0,2018-04-08
98,2261.0,2018-04-09
99,2238.7624,2018-04-10
100,2261.0,2018-04-11
101,2394.0,2018-04-12
102,2261.0,2018-04-13
103,2253.685,2018-04-14
104,2394.0,2018-04-15
105,2261.0,2018-04-16
106,2261.0,2018-04-17
107,5204.7023,2018-04-18
108,2128.0,2018-04-19
109,2171.757,2018-04-20
110,2128.0,2018-04-21
111,2128.0,2018-04-22
112,2128.0,2018-04-23
113,2128.0,2018-04-24
114,2128.0,2018-04-25
115,2261.0,2018-04-26
116,2261.0,2018-04-27
117,5187.0,2018-04-28
118,5187.0,2018-04-29
119,5187.0,2018-04-30
120,5306.434,2018-05-01
121,2121.0175,2018-05-02
122,5320.0,2018-05-03
123,2128.0,2018-05-04
124,2128.0,2018-05-05
125,5320.0,2018-05-06
126,5110.658,2018-05-07
127,5238.87,2018-05-08
128,2261.0,2018-05-09
129,5187.0,2018-05-10
130,5054.0,2018-05-11
131,4921.0,2018-05-12
132,4788.0,2018-05-13
133,4921.0,2018-05-14
134,4921.0,2018-05-15
135,4921.0,2018-05-16
136,4921.0,2018-05-17
137,5054.0,2018-05-18
138,4921.0,2018-05-19
139,5054.0,2018-05-20
140,4788.0,2018-05-21
141,4788.0,2018-05-22
142,4921.0,2018-05-23
143,5054.0,2018-05-24
144,5054.0,2018-05-25
145,5054.0,2018-05-26
146,5005.4018,2018-05-27
147,4783.079,2018-05-28
148,5054.0,2018-05-29
149,5048.015,2018-05-30
150,4522.0,2018-05-31
151,4522.0,2018-06-01
152,4522.0,2018-06-02
153,4921.0,2018-06-03
154,4788.0,2018-06-04
155,4788.0,2018-06-05
156,4788.0,2018-06-06
157,4743.0593,2018-06-07
158,4897.9378,2018-06-08
159,5054.0,2018-06-09
160,4915.3475,2018-06-10
161,4788.0,2018-06-11
162,4522.0,2018-06-12
163,4921.0,2018-06-13
164,5054.0,2018-06-14
165,4921.0,2018-06-15
166,4522.0,2018-06-16
167,4522.0,2018-06-17
168,4389.0,2018-06-18
169,4389.0,2018-06-19
170,4380.1821,2018-06-20
171,4517.345,2018-06-21
172,4788.0,2018-06-22
173,4522.0,2018-06-23
174,4522.0,2018-06-24
175,4788.0,2018-06-25
176,4909.4689,2018-06-26
177,4723.096,2018-06-27
178,4921.0,2018-06-28
179,4389.0,2018-06-29
180,4788.0,2018-06-30
181,5048.015,2018-07-01
182,5048.015,2018-07-02
183,4921.0,2018-07-03
184,5054.0,2018-07-04
185,4980.983,2018-07-05
186,5266.002,2018-07-06
187,5705.7,2018-07-07
188,4974.2,2018-07-08
189,4681.6,2018-07-09
190,4974.2,2018-07-10
191,4512.5038,2018-07-11
192,4915.3475,2018-07-12
193,4522.0,2018-07-13
194,4256.0,2018-07-14
195,4256.0,2018-07-15
196,4522.0,2018-07-16
197,4389.0,2018-07-17
198,4384.6775,2018-07-18
199,4256.0,2018-07-19
200,4788.0,2018-07-20
201,4256.0,2018-07-21
202,4389.0,2018-07-22
203,4522.0,2018-07-23
204,4522.0,2018-07-24
205,4655.0,2018-07-25
206,5187.0,2018-07-26
207,4788.0,2018-07-27
208,4921.0,2018-07-28
209,4875.1017,2018-07-29
210,5048.015,2018-07-30
211,4522.0,2018-07-31
212,5047.35,2018-08-01
213,4522.0,2018-08-02
214,4788.0,2018-08-03
215,4921.0,2018-08-04
216,4788.0,2018-08-05
217,5054.0,2018-08-06
218,4921.0,2018-08-07
219,4389.0,2018-08-08
220,4389.0,2018-08-09
221,4522.0,2018-08-10
222,4921.0,2018-08-11
223,5054.0,2018-08-12
224,4389.0,2018-08-13
225,4389.0,2018-08-14
226,4512.5038,2018-08-15
227,4921.0,2018-08-16
228,4921.0,2018-08-17
229,4788.0,2018-08-18
230,4788.0,2018-08-19
231,4655.0,2018-08-20
232,4389.0,2018-08-21
233,4788.0,2018-08-22
234,4522.0,2018-08-23
235,4788.0,2018-08-24
236,4921.0,2018-08-25
237,4620.5264,2018-08-26
238,4921.0,2018-08-27
239,4788.0,2018-08-28
240,4788.0,2018-08-29
241,4522.0,2018-08-30
242,4788.0,2018-08-31
243,5320.0,2018-09-01
244,4921.0,2018-09-02
245,4788.0,2018-09-03
246,4620.5264,2018-09-04
247,4788.0,2018-09-05
248,4788.0,2018-09-06
249,5054.0,2018-09-07
250,5212.004,2018-09-08
251,5054.0,2018-09-09
252,4921.0,2018-09-10
253,4921.0,2018-09-11
254,5054.0,2018-09-12
255,5054.0,2018-09-13
256,5187.0,2018-09-14
257,5054.0,2018-09-15
258,5187.0,2018-09-16
259,4788.0,2018-09-17
260,4921.0,2018-09-18
261,4921.0,2018-09-19
262,5320.0,2018-09-20
263,4921.0,2018-09-21
264,4921.0,2018-09-22
265,5054.0,2018-09-23
266,5054.0,2018-09-24
267,4651.0366,2018-09-25
268,5005.4018,2018-09-26
269,4921.0,2018-09-27
270,2128.0,2018-09-28
271,5266.002,2018-09-29
272,4792.5752,2018-09-30
273,4921.0,2018-10-01
274,5054.0,2018-10-02
275,4921.0,2018-10-03
276,5054.0,2018-10-04
277,5238.87,2018-10-05
278,5035.8056,2018-10-06
279,5187.0,2018-10-07
280,5238.87,2018-10-08
281,5320.0,2018-10-09
282,5299.784,2018-10-10
283,5282.627,2018-10-11
284,4907.966,2018-10-12
285,4674.0988,2018-10-13
286,4670.96,2018-10-14
287,5032.853,2018-10-15
288,2113.7557,2018-10-16
289,2113.7557,2018-10-17
290,2113.7557,2018-10-18
291,2261.0,2018-10-19
292,2128.0,2018-10-20
293,5266.4808,2018-10-21
294,5320.0,2018-10-22
295,2261.0,2018-10-23
296,2394.0,2018-10-24
297,2231.1548,2018-10-25
298,2394.0,2018-10-26
299,2261.0,2018-10-27
300,2378.3991,2018-10-28
301,5035.8056,2018-10-29
302,5187.0,2018-10-30
303,5320.0,2018-10-31
304,5320.0,2018-11-01
305,2261.0,2018-11-02
306,2128.0,2018-11-03
307,2394.0,2018-11-04
308,2394.0,2018-11-05
309,2793.0,2018-11-06
310,2660.0,2018-11-07
311,2128.0,2018-11-08
312,5187.0,2018-11-09
313,5187.0,2018-11-10
314,2128.0,2018-11-11
315,2128.0,2018-11-12
316,2128.0,2018-11-13
317,2128.0,2018-11-14
318,2394.0,2018-11-15
319,2394.0,2018-11-16
320,2207.401,2018-11-17
321,2128.0,2018-11-18
322,2128.0,2018-11-19
323,2128.0,2018-11-20
324,2502.7408,2018-11-21
325,2617.3336,2018-11-22
326,2527.0,2018-11-23
327,2394.0,2018-11-24
328,2527.0,2018-11-25
329,2527.0,2018-11-26
330,2231.1548,2018-11-27
331,3074.3615,2018-11-28
332,2793.0,2018-11-29
333,2394.0,2018-11-30
334,2527.0,2018-12-01
335,2793.0,2018-12-02
336,2793.0,2018-12-03
337,2362.7982,2018-12-04
338,2300.7005,2018-12-05
339,2261.0,2018-12-06
340,2128.0,2018-12-07
341,2394.0,2018-12-08
342,2527.0,2018-12-09
343,2394.0,2018-12-10
344,2394.0,2018-12-11
345,2527.0,2018-12-12
346,2527.0,2018-12-13
347,2722.8026,2018-12-14
348,2510.7208,2018-12-15
349,2176.5051,2018-12-16
350,2494.4416,2018-12-17
351,2494.4416,2018-12-18
352,2784.355,2018-12-19
353,2926.0,2018-12-20
354,2853.1027,2018-12-21
355,3059.0,2018-12-22
356,2394.0,2018-12-23
357,2246.0774,2018-12-24
358,2128.0,2018-12-25
359,2128.0,2018-12-26
360,2394.0,2018-12-27
361,2527.0,2018-12-28
362,2527.0,2018-12-29
363,2926.0,2018-12-30
364,2793.0,2018-12-31
365,3394.16,2019-01-01
366,2848.78286,2019-01-02
367,2932.65,2019-01-03
368,2561.58,2019-01-04
369,2979.2,2019-01-05
370,3032.4,2019-01-06
371,2956.59,2019-01-07
372,3128.16,2019-01-08
373,3072.3,2019-01-09
374,3044.37,2019-01-10
375,3511.2,2019-01-11
376,3211.95,2019-01-12
377,3214.199296,2019-01-13
378,3657.5,2019-01-14
379,2419.27,2019-01-15
380,2396.66,2019-01-16
381,2388.9061,2019-01-17
382,2681.28,2019-01-18
383,2633.4,2019-01-19
384,2609.46,2019-01-20
385,2628.08,2019-01-21
386,3295.74,2019-01-22
387,2979.2,2019-01-23
388,2776.378458,2019-01-24
389,3013.78,2019-01-25
390,3481.94,2019-01-26
391,3426.08,2019-01-27
392,3224.006051,2019-01-28
393,3295.74,2019-01-29
394,3072.3,2019-01-30
395,3126.286695,2019-01-31
396,2298.089444,2019-02-01
397,5993.8046,2019-02-02
398,5636.79536,2019-02-03
399,2614.2746,2019-02-04
400,2464.49,2019-02-05
401,2532.32,2019-02-06
402,2411.44295,2019-02-07
403,2276.22185,2019-02-08
404,2872.8,2019-02-09
405,2653.35,2019-02-10
406,2713.330872,2019-02-11
407,2952.6,2019-02-12
408,2832.336612,2019-02-13
409,2876.79,2019-02-14
410,3089.59,2019-02-15
411,3283.208208,2019-02-16
412,3335.64,2019-02-17
413,3189.34,2019-02-18
414,2766.4,2019-02-19
415,3044.37,2019-02-20
416,2736.685672,2019-02-21
417,5105.0587,2019-02-22
418,3887.692676,2019-02-23
419,2415.05124,2019-02-24
420,3136.161546,2019-02-25
421,3098.4744,2019-02-26
422,2880.78,2019-02-27
423,2394.0,2019-02-28
424,3072.3,2019-03-01
425,3072.3,2019-03-02
426,3267.81,2019-03-03
427,3051.225352,2019-03-04
428,5132.2572,2019-03-05
429,2478.19166,2019-03-06
430,2165.38231,2019-03-07
431,2509.826508,2019-03-08
432,2246.0774,2019-03-09
433,2410.65027,2019-03-10
434,2247.09485,2019-03-11
435,2464.49,2019-03-12
436,2431.958732,2019-03-13
437,2529.53365,2019-03-14
438,2513.7,2019-03-15
439,2441.88,2019-03-16
440,2577.54,2019-03-17
441,2754.43,2019-03-18
442,2979.2,2019-03-19
443,3085.6,2019-03-20
444,5547.2571,2019-03-21
445,2611.80612,2019-03-22
446,2705.006668,2019-03-23
447,2956.59,2019-03-24
448,2464.49,2019-03-25
449,3022.824,2019-03-26
450,5371.080512,2019-03-27
451,3202.00825,2019-03-28
452,2489.76,2019-03-29
453,2602.81,2019-03-30
454,2906.05,2019-03-31
455,2448.497415,2019-04-01
456,2577.54,2019-04-02
457,2854.07892,2019-04-03
458,2335.002796,2019-04-04
459,2641.92264,2019-04-05
460,2253.466348,2019-04-06
461,2298.7587,2019-04-07
462,2509.71,2019-04-08
463,2306.22,2019-04-09
464,2686.51488,2019-04-10
465,2374.05,2019-04-11
466,2513.7,2019-04-12
467,2690.59,2019-04-13
468,2501.59035,2019-04-14
469,2729.16,2019-04-15
470,2713.2,2019-04-16
471,2487.1,2019-04-17
472,6141.548714,2019-04-18
473,2276.96,2019-04-19
474,2519.23812,2019-04-20
475,2234.4,2019-04-21
476,2489.76,2019-04-22
477,2404.64,2019-04-23
478,2128.0,2019-04-24
479,2170.56,2019-04-25
480,2306.22,2019-04-26
481,2261.0,2019-04-27
482,6120.66,2019-04-28
483,6016.92,2019-04-29
484,5653.83,2019-04-30
485,5996.27042,2019-05-01
486,2311.909075,2019-05-02
487,6064.8,2019-05-03
488,2255.68,2019-05-04
489,2128.0,2019-05-05
490,5958.4,2019-05-06
491,5468.40406,2019-05-07
492,6286.644,2019-05-08
493,2622.76,2019-05-09
494,5757.57,2019-05-10
495,5812.1,2019-05-11
496,5462.31,2019-05-12
497,4883.76,2019-05-13
498,5363.89,2019-05-14
499,5117.84,2019-05-15
500,5757.57,2019-05-16
501,5068.63,2019-05-17
502,5862.64,2019-05-18
503,5708.36,2019-05-19
504,5862.64,2019-05-20
505,5458.32,2019-05-21
506,4931.64,2019-05-22
507,4970.21,2019-05-23
508,5660.48,2019-05-24
509,5508.86,2019-05-25
510,5508.86,2019-05-26
511,5455.887962,2019-05-27
512,4974.40216,2019-05-28
513,5205.62,2019-05-29
514,5199.45545,2019-05-30
515,5335.96,2019-05-31
516,4522.0,2019-06-01
517,4928.98,2019-06-02
518,5314.68,2019-06-03
519,5075.28,2019-06-04
520,5171.04,2019-06-05
521,5458.32,2019-06-06
522,5122.504044,2019-06-07
523,5730.587226,2019-06-08
524,5054.0,2019-06-09
525,5701.8031,2019-06-10
526,5362.56,2019-06-11
527,4928.98,2019-06-12
528,4921.0,2019-06-13
529,5306.7,2019-06-14
530,5560.73,2019-06-15
531,4657.66,2019-06-16
532,5426.4,2019-06-17
533,5135.13,2019-06-18
534,4959.57,2019-06-19
535,4774.398489,2019-06-20
536,5104.59985,2019-06-21
537,4883.76,2019-06-22
538,5200.3,2019-06-23
539,4522.0,2019-06-24
540,5601.96,2019-06-25
541,5253.131723,2019-06-26
542,5384.32944,2019-06-27
543,5560.73,2019-06-28
544,4432.89,2019-06-29
545,5218.92,2019-06-30
546,5098.49515,2019-07-01
547,5098.49515,2019-07-02
548,5511.52,2019-07-03
549,5609.94,2019-07-04
550,5030.79283,2019-07-05
551,5845.26222,2019-07-06
552,6846.84,2019-07-07
553,5770.072,2019-07-08
554,5290.208,2019-07-09
555,5620.846,2019-07-10
556,4783.254028,2019-07-11
557,5701.8031,2019-07-12
558,4928.98,2019-07-13
559,4256.0,2019-07-14
560,4979.52,2019-07-15
561,5064.64,2019-07-16
562,5135.13,2019-07-17
563,4428.524275,2019-07-18
564,4809.28,2019-07-19
565,5554.08,2019-07-20
566,4553.92,2019-07-21
567,5266.8,2019-07-22
568,4793.32,2019-07-23
569,4928.98,2019-07-24
570,5539.45,2019-07-25
571,6016.92,2019-07-26
572,5554.08,2019-07-27
573,5462.31,2019-07-28
574,5411.362887,2019-07-29
575,5855.6974,2019-07-30
576,5426.4,2019-07-31
577,6056.82,2019-08-01
578,4793.32,2019-08-02
579,5266.8,2019-08-03
580,5806.78,2019-08-04
581,5266.8,2019-08-05
582,5660.48,2019-08-06
583,5314.68,2019-08-07
584,4652.34,2019-08-08
585,4740.12,2019-08-09
586,5019.42,2019-08-10
587,5019.42,2019-08-11
588,5104.54,2019-08-12
589,5047.35,2019-08-13
590,4696.23,2019-08-14
591,5144.254332,2019-08-15
592,4970.21,2019-08-16
593,4921.0,2019-08-17
594,5075.28,2019-08-18
595,5027.4,2019-08-19
596,4748.1,2019-08-20
597,4696.23,2019-08-21
598,5410.44,2019-08-22
599,4883.76,2019-08-23
600,5745.6,2019-08-24
601,5659.15,2019-08-25
602,5452.221152,2019-08-26
603,5855.99,2019-08-27
604,4979.52,2019-08-28
605,5697.72,2019-08-29
606,4657.66,2019-08-30
607,5362.56,2019-08-31
608,6011.6,2019-09-01
609,5659.15,2019-09-02
610,4883.76,2019-09-03
611,5498.426416,2019-09-04
612,5554.08,2019-09-05
613,5027.4,2019-09-06
614,5812.1,2019-09-07
615,6202.28476,2019-09-08
616,5256.16,2019-09-09
617,4921.0,2019-09-10
618,5708.36,2019-09-11
619,5205.62,2019-09-12
620,5104.54,2019-09-13
621,5550.09,2019-09-14
622,5306.7,2019-09-15
623,5861.31,2019-09-16
624,5027.4,2019-09-17
625,5708.36,2019-09-18
626,5265.47,2019-09-19
627,6011.6,2019-09-20
628,5708.36,2019-09-21
629,5314.68,2019-09-22
630,5155.08,2019-09-23
631,5054.0,2019-09-24
632,5302.181724,2019-09-25
633,5505.94198,2019-09-26
634,5511.52,2019-09-27
635,2383.36,2019-09-28
636,6003.24228,2019-09-29
637,4840.500952,2019-09-30
638,5068.63,2019-10-01
639,5407.78,2019-10-02
640,5659.15,2019-10-03
641,5306.7,2019-10-04
642,5815.1457,2019-10-05
643,5287.59588,2019-10-06
644,5965.05,2019-10-07
645,5343.6474,2019-10-08
646,6224.4,2019-10-09
647,5882.76024,2019-10-10
648,5810.8897,2019-10-11
649,4957.04566,2019-10-12
650,4861.062752,2019-10-13
651,5324.8944,2019-10-14
652,5133.51006,2019-10-15
653,2409.681498,2019-10-16
654,2346.268827,2019-10-17
655,2282.856156,2019-10-18
656,2351.44,2019-10-19
657,2532.32,2019-10-20
658,5687.799264,2019-10-21
659,5798.8,2019-10-22
660,2351.44,2019-10-23
661,2705.22,2019-10-24
662,2610.451116,2019-10-25
663,2848.86,2019-10-26
664,2351.44,2019-10-27
665,2687.590983,2019-10-28
666,5136.521712,2019-10-29
667,5342.61,2019-10-30
668,6384.0,2019-10-31
669,6118.0,2019-11-01
670,2554.93,2019-11-02
671,2511.04,2019-11-03
672,2705.22,2019-11-04
673,2394.0,2019-11-05
674,3128.16,2019-11-06
675,3165.4,2019-11-07
676,2553.6,2019-11-08
677,6224.4,2019-11-09
678,5861.31,2019-11-10
679,2468.48,2019-11-11
680,2213.12,2019-11-12
681,2489.76,2019-11-13
682,2511.04,2019-11-14
683,2872.8,2019-11-15
684,2513.7,2019-11-16
685,2207.401,2019-11-17
686,2213.12,2019-11-18
687,2319.52,2019-11-19
688,2468.48,2019-11-20
689,2853.124512,2019-11-21
690,2643.506936,2019-11-22
691,2552.27,2019-11-23
692,2537.64,2019-11-24
693,2729.16,2019-11-25
694,2527.0,2019-11-26
695,2521.204924,2019-11-27
696,3289.566805,2019-11-28
697,3044.37,2019-11-29
698,2824.92,2019-11-30
699,2779.7,2019-12-01
700,2820.93,2019-12-02
701,3323.67,2019-12-03
702,2504.566092,2019-12-04
703,2323.707505,2019-12-05
704,2532.32,2019-12-06
705,2404.64,2019-12-07
706,2705.22,2019-12-08
707,2577.54,2019-12-09
708,2800.98,2019-12-10
709,2585.52,2019-12-11
710,2754.43,2019-12-12
711,2754.43,2019-12-13
712,3103.994964,2019-12-14
713,2560.935216,2019-12-15
714,2328.860457,2019-12-16
715,2893.552256,2019-12-17
716,2594.219264,2019-12-18
717,3313.38245,2019-12-19
718,3160.08,2019-12-20
719,2881.633727,2019-12-21
720,3548.44,2019-12-22
721,2609.46,2019-12-23
722,2403.302818,2019-12-24
723,2191.84,2019-12-25
724,2489.76,2019-12-26
725,2489.76,2019-12-27
726,2830.24,2019-12-28
727,2779.7,2019-12-29
728,2926.0,2019-12-30
729,2960.58,2019-12-31
730,3597.8096,2020-01-01
731,3247.61246,2020-01-02
732,3196.5885,2020-01-03
733,2766.5064,2020-01-04
734,3455.872,2020-01-05
735,3214.344,2020-01-06
736,3074.8536,2020-01-07
737,3190.7232,2020-01-08
738,3686.76,2020-01-09
739,3653.244,2020-01-10
740,3827.208,2020-01-11
741,3436.7865,2020-01-12
742,3374.909261,2020-01-13
743,3694.075,2020-01-14
744,2878.9313,2020-01-15
745,2875.992,2020-01-16
746,2818.909198,2020-01-17
747,2895.7824,2020-01-18
748,2870.406,2020-01-19
749,2818.2168,2020-01-20
750,2733.2032,2020-01-21
751,3559.3992,2020-01-22
752,3277.12,2020-01-23
753,3276.12658,2020-01-24
754,3134.3312,2020-01-25
755,3864.9534,2020-01-26
756,3974.2528,2020-01-27
757,3836.567201,2020-01-28
758,3526.4418,2020-01-29
759,3072.3,2020-01-30
760,3126.286695,2020-01-31
761,2458.955705,2020-02-01
762,6832.937244,2020-02-02
763,5918.635128,2020-02-03
764,3058.701282,2020-02-04
765,2760.2288,2020-02-05
766,2937.4912,2020-02-06
767,2507.900668,2020-02-07
768,2458.319598,2020-02-08
769,2930.256,2020-02-09
770,3024.819,2020-02-10
771,2767.597489,2020-02-11
772,2982.126,2020-02-12
773,3172.217005,2020-02-13
774,2963.0937,2020-02-14
775,3676.6121,2020-02-15
776,3775.689439,2020-02-16
777,3435.7092,2020-02-17
778,3189.34,2020-02-18
779,3264.352,2020-02-19
780,3044.37,2020-02-20
781,2791.419385,2020-02-21
782,5462.412809,2020-02-22
783,4276.461944,2020-02-23
784,2584.104827,2020-02-24
785,3575.224162,2020-02-25
786,3501.276072,2020-02-26
787,2967.2034,2020-02-27
788,2681.28,2020-02-28
789,3656.037,2020-03-01
790,3379.53,2020-03-02
791,3692.6253,2020-03-03
792,3234.298873,2020-03-04
793,5440.192632,2020-03-05
794,2899.484242,2020-03-06
795,2187.036133,2020-03-07
796,2811.005689,2020-03-08
797,2425.763592,2020-03-09
798,2627.608794,2020-03-10
799,2539.217181,2020-03-11
800,2932.7431,2020-03-12
801,2675.154605,2020-03-13
802,2858.373025,2020-03-14
803,2538.837,2020-03-15
804,2466.2988,2020-03-16
805,2603.3154,2020-03-17
806,3167.5945,2020-03-18
807,3098.368,2020-03-19
808,3085.6,2020-03-20
809,6046.510239,2020-03-21
810,3108.049283,2020-03-22
811,2759.106801,2020-03-23
812,3400.0785,2020-03-24
813,2710.939,2020-03-25
814,3506.47584,2020-03-26
815,5639.634538,2020-03-27
816,3330.08858,2020-03-28
817,2539.5552,2020-03-29
818,3123.372,2020-03-30
819,3225.7155,2020-03-31
820,2668.862182,2020-04-01
821,3041.4972,2020-04-02
822,3339.272336,2020-04-03
823,2428.402908,2020-04-04
824,3170.307168,2020-04-05
825,2478.812983,2020-04-06
826,2459.671809,2020-04-07
827,2911.2636,2020-04-08
828,2582.9664,2020-04-09
829,2740.245178,2020-04-10
830,2397.7905,2020-04-11
831,2840.481,2020-04-12
832,3013.4608,2020-04-13
833,2926.86071,2020-04-14
834,2838.3264,2020-04-15
835,3255.84,2020-04-16
836,2511.971,2020-04-17
837,6755.703585,2020-04-18
838,2481.8864,2020-04-19
839,2645.200026,2020-04-20
840,2323.776,2020-04-21
841,2763.6336,2020-04-22
842,2500.8256,2020-04-23
843,2234.4,2020-04-24
844,2409.3216,2020-04-25
845,2652.153,2020-04-26
846,2577.54,2020-04-27
847,7344.792,2020-04-28
848,6618.612,2020-04-29
849,6445.3662,2020-04-30
850,6595.897462,2020-05-01
851,2404.385438,2020-05-02
852,6246.744,2020-05-03
853,2571.4752,2020-05-04
854,2191.84,2020-05-05
855,7090.496,2020-05-06
856,5960.560425,2020-05-07
857,7041.04128,2020-05-08
858,2675.2152,2020-05-09
859,6160.5999,2020-05-10
860,6625.794,2020-05-11
861,6281.6565,2020-05-12
862,5811.6744,2020-05-13
863,6168.4735,2020-05-14
864,5783.1592,2020-05-15
865,5930.2971,2020-05-16
866,5322.0615,2020-05-17
867,6566.1568,2020-05-18
868,5822.5272,2020-05-19
869,6038.5192,2020-05-20
870,6386.2344,2020-05-21
871,5128.9056,2020-05-22
872,5467.231,2020-05-23
873,5660.48,2020-05-24
874,5839.3916,2020-05-25
875,5619.0372,2020-05-26
876,6383.388916,2020-05-27
877,5969.282592,2020-05-28
878,5205.62,2020-05-29
879,6031.368322,2020-05-30
880,5496.0388,2020-05-31
881,4883.76,2020-06-01
882,5175.429,2020-06-02
883,5633.5608,2020-06-03
884,5785.8192,2020-06-04
885,5636.4336,2020-06-05
886,6222.4848,2020-06-06
887,5634.754448,2020-06-07
888,5730.587226,2020-06-08
889,5761.56,2020-06-09
890,6214.965379,2020-06-10
891,5952.4416,2020-06-11
892,5766.9066,2020-06-12
893,5167.05,2020-06-13
894,5678.169,2020-06-14
895,6005.5884,2020-06-15
896,5496.0388,2020-06-16
897,6403.152,2020-06-17
898,5597.2917,2020-06-18
899,5356.3356,2020-06-19
900,5156.350368,2020-06-20
901,5410.875841,2020-06-21
902,5762.8368,2020-06-22
903,6084.351,2020-06-23
904,4974.2,2020-06-24
905,5770.0188,2020-06-25
906,5936.038847,2020-06-26
907,5438.172734,2020-06-27
908,5616.3373,2020-06-28
909,4876.179,2020-06-29
910,5375.4876,2020-06-30
911,5302.434956,2020-07-01
912,5761.29952,2020-07-02
913,6228.0176,2020-07-03
914,6114.8346,2020-07-04
915,5382.948328,2020-07-05
916,6137.525331,2020-07-06
917,8147.7396,2020-07-07
918,6289.37848,2020-07-08
919,6136.64128,2020-07-09
920,6295.34752,2020-07-10
921,5261.579431,2020-07-11
922,6043.911286,2020-07-12
923,5076.8494,2020-07-13
924,4298.56,2020-07-14
925,5278.2912,2020-07-15
926,6026.9216,2020-07-16
927,6059.4534,2020-07-17
928,4472.809518,2020-07-18
929,5434.4864,2020-07-19
930,6553.8144,2020-07-20
931,4644.9984,2020-07-21
932,6109.488,2020-07-22
933,5416.4516,2020-07-23
934,5914.776,2020-07-24
935,5816.4225,2020-07-25
936,6859.2888,2020-07-26
937,6276.1104,2020-07-27
938,5790.0486,2020-07-28
939,5736.04466,2020-07-29
940,6382.710166,2020-07-30
941,6240.36,2020-07-31
942,6359.661,2020-08-01
943,5560.2512,2020-08-02
944,6320.16,2020-08-03
945,6097.119,2020-08-04
946,5635.476,2020-08-05
947,5943.504,2020-08-06
948,6165.0288,2020-08-07
949,5443.2378,2020-08-08
950,5308.9344,2020-08-09
951,5973.1098,2020-08-10
952,5671.9446,2020-08-11
953,5921.2664,2020-08-12
954,5148.297,2020-08-13
955,4978.0038,2020-08-14
956,5298.581962,2020-08-15
957,5864.8478,2020-08-16
958,5609.94,2020-08-17
959,5075.28,2020-08-18
960,5479.866,2020-08-19
961,5507.796,2020-08-20
962,5447.6268,2020-08-21
963,5626.8576,2020-08-22
964,5323.2984,2020-08-23
965,6435.072,2020-08-24
966,6394.8395,2020-08-25
967,6542.665382,2020-08-26
968,6148.7895,2020-08-27
969,5079.1104,2020-08-28
970,6438.4236,2020-08-29
971,5589.192,2020-08-30
972,5416.1856,2020-08-31
973,6672.876,2020-09-01
974,5828.9245,2020-09-02
975,5567.4864,2020-09-03
976,6543.127435,2020-09-04
977,6442.7328,2020-09-05
978,5077.674,2020-09-06
979,6218.947,2020-09-07
980,6326.330455,2020-09-08
981,6202.2688,2020-09-09
982,5757.57,2020-09-10
983,6279.196,2020-09-11
984,5413.8448,2020-09-12
985,5155.5854,2020-09-13
986,5550.09,2020-09-14
987,6368.04,2020-09-15
988,6212.9886,2020-09-16
989,5228.496,2020-09-17
990,6222.1124,2020-09-18
991,6002.6358,2020-09-19
992,6191.948,2020-09-20
993,6678.7812,2020-09-21
994,5686.7076,2020-09-22
995,6082.9944,2020-09-23
996,5761.56,2020-09-24
997,6362.618069,2020-09-25
998,6497.011536,2020-09-26
999,5787.096,2020-09-27
1000,2788.5312,2020-09-28
1001,6123.307126,2020-09-29
1002,5421.361066,2020-09-30
1003,5119.3163,2020-10-01
1004,5515.9356,2020-10-02
1005,6451.431,2020-10-03
1006,5465.901,2020-10-04
1007,6222.205899,2020-10-05
1008,5869.231427,2020-10-06
1009,7098.4095,2020-10-07
1010,5557.393296,2020-10-08
1011,6722.352,2020-10-09
1012,6235.725854,2020-10-10
1013,6450.087567,2020-10-11
1014,5651.032052,2020-10-12
1015,5590.222165,2020-10-13
1016,6283.375392,2020-10-14
1017,6160.212072,2020-10-15
1018,2409.681498,2020-10-16
1019,2510.507645,2020-10-17
1020,2511.141772,2020-10-18
1021,2633.6128,2020-10-19
1022,2810.8752,2020-10-20
1023,5972.189227,2020-10-21
1024,6378.68,2020-10-22
1025,2421.9832,2020-10-23
1026,3111.003,2020-10-24
1027,2871.496228,2020-10-25
1028,3190.7232,2020-10-26
1029,2539.5552,2020-10-27
1030,2714.466893,2020-10-28
1031,5958.365186,2020-10-29
1032,6144.0015,2020-10-30
1033,7469.28,2020-10-31
1034,6852.16,2020-11-01
1035,2784.8737,2020-11-02
1036,2762.144,2020-11-03
1037,3165.1074,2020-11-04
1038,2417.94,2020-11-05
1039,3566.1024,2020-11-06
1040,3640.21,2020-11-07
1041,2885.568,2020-11-08
1042,7407.036,2020-11-09
1043,5978.5362,2020-11-10
1044,2740.0128,2020-11-11
1045,2434.432,2020-11-12
1046,2962.8144,2020-11-13
1047,2737.0336,2020-11-14
1048,3188.808,2020-11-15
1049,2714.796,2020-11-16
1050,2406.06709,2020-11-17
1051,2589.3504,2020-11-18
1052,2435.496,2020-11-19
1053,2665.9584,2020-11-20
1054,3281.093189,2020-11-21
1055,2696.377075,2020-11-22
1056,2577.7927,2020-11-23
1057,3019.7916,2020-11-24
1058,3056.6592,2020-11-25
1059,2678.62,2020-11-26
1060,2823.749515,2020-11-27
1061,3388.253809,2020-11-28
1062,3501.0255,2020-11-29
1063,3050.9136,2020-11-30
1064,2918.685,2020-12-01
1065,2933.7672,2020-12-02
1066,3622.8003,2020-12-03
1067,2629.794397,2020-12-04
1068,2463.129955,2020-12-05
1069,2684.2592,2020-12-06
1070,2741.2896,2020-12-07
1071,3029.8464,2020-12-08
1072,2603.3154,2020-12-09
1073,2997.0486,2020-12-10
1074,2921.6376,2020-12-11
1075,3167.5945,2020-12-12
1076,3167.5945,2020-12-13
1077,3383.354511,2020-12-14
1078,2714.591329,2020-12-15
1079,2585.035107,2020-12-16
